"SampleID","StationID","Date","SiteFlag","ThalwegN","ReachLength","Interval","Slope","RP100","BR_PCT","HP_PCT","RC_PCT","BL_PCT","CB_PCT","GC_PCT","GF_PCT","SA_PCT","FN_PCT","WD_PCT","OT_PCT","BL_CB_GR_PCT","SA_FN_PCT","TotSubstrate_PCT","LSUB_DMM","VLW_msq","Xdepth","Xwid","XBKF_W","BKF_depth_in_meters","BKFW_BKFD","incised_depth","Xembed","BL_CB_GR_transectPCT","BL_CB_GRmeanEmbed","LRBS2","Latitude","Longitude","Sta_Desc","US_L3CODE","US_L3NAME","US_L4CODE","US_L4NAME","VAHU6","ASSESS_REG","OFFICE_NM","VaName","Tidal","VAHUSB","FedName","HUC10","Basin","BASIN_CODE","Basin_Code","CountyCityName","FIPS","n","Years"
1,"1AACO0006.10",2006-11-21,"Site Accepted",10,440,4.4,0.22,34.7525,7.69230769230769,6.73076923076923,0,9.61538461538462,14.4230769230769,35.5769230769231,6.73076923076923,16.3461538461538,2.88461538461538,0,0,66.3461538461539,19.2307692307692,100,1.58286890669476,0.00189731707317073,66.12,14.6904761904762,18.6363636363636,1.12301818181818,16.5948903927727,2.54756363636364,62.5454545454545,"66.6666666666667","52.5",0.517307971466834,NA,NA,NA,NA,NA,NA,NA,NA,NA,NA,NA,NA,NA,NA,NA,NA,NA,NA,NA,NA,1,"2006"
14,"1ADIF000.33",2006-12-07,"Site Accepted",10,720,7.2,0.27222222,19.6264564798741,13.3333333333333,0,0,19.047619047619,30.4761904761905,17.1428571428571,0.952380952380952,18.0952380952381,0.952380952380952,0,0,67.6190476190476,19.047619047619,100,1.87417658697425,0.00491085302906819,67.76,16.3333333333333,18.5909090909091,1.38487272727273,13.4242726604348,2.30396363636364,54.1818181818182,"70.909090909090907","55.897435897435898",0.532127306691258,NA,NA,NA,NA,NA,NA,NA,NA,NA,NA,NA,NA,NA,NA,NA,NA,NA,NA,NA,NA,1,"2006"
35,"1AXMD001.04",2009-06-03,"Site Accepted",15,150,1,1.1133,1.37826618860918,0,0,0,0,0,0,0,0,81.1111111111111,0,18.8888888888889,0,81.1111111111111,100,-2.11092437480818,0,5.34,0.483333333333333,1.71111111111111,0.1534,11.1545704766044,0.264511111111111,100,"NA","NA",-3.13816650904042,NA,NA,NA,NA,NA,NA,NA,NA,NA,NA,NA,NA,NA,NA,NA,NA,NA,NA,NA,NA,1,"2009"
52,"1BPCH000.29",2009-09-24,"Site Accepted",10,320,3.2,1.61,8.6748523013887,37.1428571428571,0,0.952380952380952,5.71428571428571,16.1904761904762,13.3333333333333,8.57142857142857,5.71428571428571,10.4761904761905,1.9047619047619,0,43.8095238095238,16.1904761904762,100,1.97988328082338,0.000274233678343949,23.06,7.42857142857143,11.4181818181818,0.803327272727273,14.2136115700609,1.6306,34.1818181818182,"40","36.363636363636402",0.0824354434181922,NA,NA,NA,NA,NA,NA,NA,NA,NA,NA,NA,NA,NA,NA,NA,NA,NA,NA,NA,NA,1,"2009"
54,"1BRED000.46",2012-05-21,"Site Accepted",10,200,2,0.15,15.9764350441442,0.952380952380952,2.85714285714286,0,2.85714285714286,18.0952380952381,18.0952380952381,21.9047619047619,15.2380952380952,14.2857142857143,5.71428571428571,0,60.952380952381,29.5238095238095,100,0.715415136130167,0.00259813432835821,32.84,5.25714285714286,7.30909090909091,0.873854545454545,8.36419624651492,2.51021818181818,69.7272727272727,"54.545454545454497","60.8333333333333",-0.146947949848535,NA,NA,NA,NA,NA,NA,NA,NA,NA,NA,NA,NA,NA,NA,NA,NA,NA,NA,NA,NA,1,"2012"
73,"2-BLD012.09",2008-10-01,"Site Accepted",10,640,6.4,0.3242,7.4073887124209,10.4761904761905,1.9047619047619,0.952380952380952,1.9047619047619,29.5238095238095,22.8571428571429,18.0952380952381,0.952380952380952,13.3333333333333,0,0,72.3809523809524,14.2857142857143,100,1.34958180999685,4.40401977644024e-05,36.99,16.2380952380952,21.1454545454545,1.4699,14.3856415711644,3.2699,52.3636363636364,"70.909090909090907","51.025641025641001",-0.141725684761908,NA,NA,NA,NA,NA,NA,NA,NA,NA,NA,NA,NA,NA,NA,NA,NA,NA,NA,NA,NA,1,"2008"
75,"2BMSC000.60",2010-08-25,"Site Accepted",10,280,2.8,0.35,19.6395473207366,0,0,0,15.2380952380952,24.7619047619048,8.57142857142857,1.9047619047619,37.1428571428571,12.3809523809524,0,0,50.4761904761905,49.5238095238095,100,0.688638828410938,0.00107271510909839,53.36,8.4,12.6181818181818,1.77905454545455,7.09263347232442,3.26087272727273,77.1818181818182,"43.636363636363598","47.7083333333333",-0.889918036188406,NA,NA,NA,NA,NA,NA,NA,NA,NA,NA,NA,NA,NA,NA,NA,NA,NA,NA,NA,NA,1,"2010"
79,"2-BUN000.40",2007-03-26,"Site Accepted",10,280,2.8,0.4107142,14.6862981032521,15.2380952380952,0.952380952380952,0,1.9047619047619,10.4761904761905,23.8095238095238,15.2380952380952,32.3809523809524,0,0,0,51.4285714285714,32.3809523809524,100,1.20888062083517,0.000656716417910448,42.81,7.34285714285714,9.13636363636364,0.937190909090909,9.74866865196768,1.61900909090909,62.2727272727273,"54.545454545454497","64.1666666666667",-0.137434650870504,NA,NA,NA,NA,NA,NA,NA,NA,NA,NA,NA,NA,NA,NA,NA,NA,NA,NA,NA,NA,1,"2007"
84,"2BXAE001.80",2009-05-27,"Site Accepted",15,150,1,1.8033,6.41604608177442,6,2,0,0,2,12,13,18,46,1,0,27,64,100,-0.437574702342361,0.00408210180623974,12.1066666666667,1.255,1.84545454545455,0.357430303030303,5.16311720021704,0.675612121212121,67.2727272727273,"43.636363636363598","39.5833333333333",-1.98433906305976,NA,NA,NA,NA,NA,NA,NA,NA,NA,NA,NA,NA,NA,NA,NA,NA,NA,NA,NA,NA,3,"2009 | 2014 | 2018"
93,"2CPSK005.65",2009-07-23,"Site Accepted",15,150,1,0.27,10.8898333333333,0,2.85714285714286,0,0,0,0,1.9047619047619,95.2380952380952,0,0,0,1.9047619047619,95.2380952380952,100,-0.316933930969705,0.011027816091954,17.4232666666667,1.77619047619048,2.63636363636364,0.456050848484848,5.78085458041029,0.674232666666667,94.5454545454545,"3.6363636363636398","50",-1.09600107211707,NA,NA,NA,NA,NA,NA,NA,NA,NA,NA,NA,NA,NA,NA,NA,NA,NA,NA,NA,NA,1,"2009"
125,"2-JKS057.08",2008-09-04,"Site Accepted",10,800,8,0.415,11.7652314157224,12.3809523809524,0,0.952380952380952,22.8571428571429,30.4761904761905,9.52380952380952,7.61904761904762,7.61904761904762,7.61904761904762,0.952380952380952,0,70.4761904761905,15.2380952380952,100,1.8305905268328,0.000567396953405018,49.36,18.8571428571429,25.3636363636364,1.41178181818182,17.9656913249536,1.72087272727273,25.2727272727273,"74.545454545454504","11.951219512195101",0.265255110523874,NA,NA,NA,NA,NA,NA,NA,NA,NA,NA,NA,NA,NA,NA,NA,NA,NA,NA,NA,NA,2,"2008 | 2014"
135,"2-LSD001.23",2004-09-27,"Site Accepted",10,150,1.5,0.843333333333,9.63079398189407,21.1538461538462,0,0,5.76923076923077,28.8461538461538,21.1538461538462,9.61538461538462,10.5769230769231,2.88461538461538,0,0,65.3846153846154,13.4615384615385,100,1.85442521773878,0.00576005239030779,19.37,4.03809523809524,4.62727272727273,0.302790909090909,15.2820728375417,0.575518181818182,32.3636363636364,"55.5555555555556","26",0.802783482696336,NA,NA,NA,NA,NA,NA,NA,NA,NA,NA,NA,NA,NA,NA,NA,NA,NA,NA,NA,NA,1,"2004"
220,"3-SUM004.51",2009-07-16,"Site Accepted",10,240,2.4,0.24167,17.7390823233263,0.952380952380952,9.52380952380952,0,11.4285714285714,0.952380952380952,0.952380952380952,6.66666666666667,66.6666666666667,2.85714285714286,0,0,20,69.5238095238095,100,0.453258383445423,0.00184232026143791,33.38,5.24761904761905,7.41818181818182,1.37925454545455,5.37839939888477,1.68834545454545,76.1818181818182,"16.363636363636399","32.2222222222222",-0.844176663355168,NA,NA,NA,NA,NA,NA,NA,NA,NA,NA,NA,NA,NA,NA,NA,NA,NA,NA,NA,NA,5,"2009 | 2014 | 2014 | 2018 | 2018"
223,"3-TRY004.38",2009-07-14,"Site Accepted",15,150,1,0.28,5.87914017877102,0,0,0,0,0,0,5.71428571428571,94.2857142857143,0,0,0,5.71428571428571,94.2857142857143,100,-0.391095984625551,0.00193333333333333,7.52266666666667,0.965,1.8,0.193408484848485,9.30672716561588,0.402499393939394,95.6363636363636,"10.909090909090899","60",-0.790387668076949,NA,NA,NA,NA,NA,NA,NA,NA,NA,NA,NA,NA,NA,NA,NA,NA,NA,NA,NA,NA,2,"2009 | 2014"
237,"4ABHE003.92",2009-09-03,"Site Accepted",15,150,1,1.6467,3.96797174542109,4,6,0,0,6,15,23,31,13,2,0,44,44,100,0.492957925574252,0.00896331877729258,10.3066666666667,1.29,2.08181818181818,0.421248484848485,4.94201939400915,0.812157575757576,68.1818181818182,"36.363636363636402","40",-1.12002132416787,NA,NA,NA,NA,NA,NA,NA,NA,NA,NA,NA,NA,NA,NA,NA,NA,NA,NA,NA,NA,1,"2009"
273,"4ALOL002.08",2009-05-28,"Site Accepted",10,150,1.5,0.6933,7.69609490082702,5.71428571428571,1.9047619047619,0,13.3333333333333,3.80952380952381,9.52380952380952,9.52380952380952,52.3809523809524,3.80952380952381,0,0,36.1904761904762,56.1904761904762,100,0.659427393528258,0.000420705572040884,15.92,3.50952380952381,4.59545454545455,0.541018181818182,8.49408522650894,1.47738181818182,68,"34.545454545454497","17.894736842105299",-0.682967762960072,NA,NA,NA,NA,NA,NA,NA,NA,NA,NA,NA,NA,NA,NA,NA,NA,NA,NA,NA,NA,1,"2009"
295,"4AROC010.68",2007-11-06,"Site Accepted",10,160,1.6,0.168,19.3396367029043,0,0,0,0,0,0.952380952380952,24.7619047619048,37.1428571428571,31.4285714285714,5.71428571428571,0,25.7142857142857,68.5714285714286,100,-0.672165357315783,0.000444520547945205,34.5,3.74761904761905,6.63636363636364,1.21772727272727,5.44979469951474,1.81772727272727,84.9090909090909,"32.727272727272698","68.3333333333333",-1.74322838865181,NA,NA,NA,NA,NA,NA,NA,NA,NA,NA,NA,NA,NA,NA,NA,NA,NA,NA,NA,NA,1,"2007"
341,"4AXUY000.58",2006-11-01,"Site Accepted",15,150,1,0.7666666666667,10.226290623314,2.85714285714286,1.9047619047619,0,0.952380952380952,2.85714285714286,6.66666666666667,18.0952380952381,66.6666666666667,0,0,0,28.5714285714286,66.6666666666667,100,0.196908315940276,0.0011613196814562,16.0066666666667,1.86190476190476,2.66363636363636,0.487339393939394,5.46567011975973,1.1964303030303,79.2727272727273,"30.909090909090899","55.882352941176499",-1.10630840279355,NA,NA,NA,NA,NA,NA,NA,NA,NA,NA,NA,NA,NA,NA,NA,NA,NA,NA,NA,NA,1,"2006"
357,"5AMHN096.51",2009-09-02,"Site Accepted",10,800,8,0.1425,18.9354620814924,0,0,0,0.952380952380952,0,0,5.71428571428571,93.3333333333333,0,0,0,6.66666666666667,93.3333333333333,100,-0.358139704844825,0.00550471280602637,48.07,18.8333333333333,24.1363636363636,1.39888181818182,17.2540405648667,3.59888181818182,94.7272727272727,"9.0909090909090899","42",-1.42628961886609,NA,NA,NA,NA,NA,NA,NA,NA,NA,NA,NA,NA,NA,NA,NA,NA,NA,NA,NA,NA,1,"2009"
456,"8-SHC001.57",2010-10-19,"Site Accepted",15,150,1,0.54,10.8193173438438,8.57142857142857,0.952380952380952,0,0.952380952380952,19.047619047619,17.1428571428571,3.80952380952381,27.6190476190476,20.952380952381,0.952380952380952,0,40.9523809523809,48.5714285714286,100,0.508439818331419,0.000342458400429415,19.6066666666667,3.30952380952381,5.64545454545455,0.796066666666667,7.09168563619615,1.42333939393939,74.3636363636364,"34.545454545454497","52.105263157894697",-0.896720444313865,NA,NA,NA,NA,NA,NA,NA,NA,NA,NA,NA,NA,NA,NA,NA,NA,NA,NA,NA,NA,1,"2010"
465,"9-BSH012.62",2009-08-27,"Site Accepted",15,150,1,0.34,9.56206787765589,0,0,0,0,1.9047619047619,1.9047619047619,13.3333333333333,27.6190476190476,54.2857142857143,0.952380952380952,0,17.1428571428571,81.9047619047619,100,-1.11465472604654,0.00157948717948718,28.8066666666667,1.41904761904762,1.53636363636364,0.497157575757576,3.09029513232802,0.733521212121212,90.3636363636364,"20","59.090909090909101",-2.08211947719159,NA,NA,NA,NA,NA,NA,NA,NA,NA,NA,NA,NA,NA,NA,NA,NA,NA,NA,NA,NA,3,"2009 | 2014 | 2019"
472,"9-ELK013.81",2005-10-13,"Site Accepted",10,240,2.4,0.20416666666667,14.9668580289255,0,0,0,0,2.85714285714286,7.61904761904762,17.1428571428571,40.9523809523809,31.4285714285714,0,0,27.6190476190476,72.3809523809524,100,-0.548232171173559,0.000535234899328859,36.8,6.53809523809524,8.12727272727273,0.843454545454545,9.6356973485665,1.31618181818182,87.2727272727273,"30.909090909090899","58.823529411764703",-1.53446248347026,NA,NA,NA,NA,NA,NA,NA,NA,NA,NA,NA,NA,NA,NA,NA,NA,NA,NA,NA,NA,1,"2005"
479,"9-LFK005.39",2005-09-27,"Site Accepted",10,150,1.5,0.66666666666667,7.44918477304838,0,0,0,2.85714285714286,17.1428571428571,23.8095238095238,22.8571428571429,22.8571428571429,10.4761904761905,0,0,66.6666666666667,33.3333333333333,100,0.650072722584966,0.00377648953301127,17.365,3.54285714285714,5.64545454545455,0.726377272727273,7.77206936039999,1.05910454545455,55.8181818181818,"65.454545454545496","34.7222222222222",-0.818636591031903,NA,NA,NA,NA,NA,NA,NA,NA,NA,NA,NA,NA,NA,NA,NA,NA,NA,NA,NA,NA,1,"2005"
496,"9-WLK000.55",2008-09-15,"Site Accepted",10,1400,14,0.3414,16.7313154286063,41.9047619047619,0,0,17.1428571428571,17.1428571428571,6.66666666666667,7.61904761904762,2.85714285714286,5.71428571428571,0.952380952380952,0,48.5714285714286,8.57142857142857,100,2.49481014181426,0.000333006396588486,65.23,26.6428571428571,33.5,1.37957272727273,24.282880733824,1.63411818181818,16.7272727272727,"41.818181818181799","18.260869565217401",1.04249909721827,NA,NA,NA,NA,NA,NA,NA,NA,NA,NA,NA,NA,NA,NA,NA,NA,NA,NA,NA,NA,2,"2008 | 2019"
499,"9-WLK033.64",2008-09-30,"Site Accepted",10,720,7.2,0.201389,20.406638752,7.84313725490196,0,0,16.6666666666667,19.6078431372549,14.7058823529412,13.7254901960784,18.6274509803922,8.82352941176471,0,0,64.7058823529412,27.4509803921569,100,1.25910786006917,0.001239474265518,62.72,21.3095238095238,22.8636363636364,1.3272,17.2269713408954,1.53629090909091,42.6923076923077,"61.538461538461497","16.25",0.0699097402437514,NA,NA,NA,NA,NA,NA,NA,NA,NA,NA,NA,NA,NA,NA,NA,NA,NA,NA,NA,NA,1,"2008"
501,"9-WLK054.42",2008-09-22,"Site Accepted",10,400,4,0.285,17.3427134053038,3.80952380952381,0,0,5.71428571428571,20,18.0952380952381,7.61904761904762,18.0952380952381,26.6666666666667,0,0,51.4285714285714,44.7619047619048,100,0.418269986844841,0.000503149762282092,42.67,9.78333333333333,11.4727272727273,0.7267,15.787432603175,1.03579090909091,48.1818181818182,"52.727272727272698","8.6206896551724093",-0.614414196991185,NA,NA,NA,NA,NA,NA,NA,NA,NA,NA,NA,NA,NA,NA,NA,NA,NA,NA,NA,NA,3,"2008 | 2014 | 2018"
506,"9-XFM000.17",2013-03-14,"Site Accepted",15,150,1,1.033,7.88855750364777,0,30.4761904761905,0,5.71428571428571,2.85714285714286,9.52380952380952,12.3809523809524,33.3333333333333,5.71428571428571,0,0,30.4761904761905,39.047619047619,100,1.33755885548919,0.000159899749373434,21.84,1.26190476190476,2.41818181818182,1.18203636363636,2.04577616440042,1.30021818181818,43.4545454545455,"32.727272727272698","32.7777777777778",-0.554740998625917,NA,NA,NA,NA,NA,NA,NA,NA,NA,NA,NA,NA,NA,NA,NA,NA,NA,NA,NA,NA,1,"2013"
556,"4ABLD001.46",2008-10-02,"Site Accepted",10,150,1.5,0.5533,7.97921446194011,8.57142857142857,0.952380952380952,0,1.9047619047619,20.952380952381,9.52380952380952,13.3333333333333,27.6190476190476,15.2380952380952,1.9047619047619,0,45.7142857142857,42.8571428571429,100,0.662446188378765,0.000251181102362205,14.81,3.12857142857143,4.61818181818182,0.429918181818182,10.7420016493625,1.36628181818182,64.3636363636364,"41.818181818181799","36.086956521739097",-0.459805886818629,NA,NA,NA,NA,NA,NA,NA,NA,NA,NA,NA,NA,NA,NA,NA,NA,NA,NA,NA,NA,1,"2008"
615,"9-WLK054.42",2014-08-21,"Site Accepted",10,400,4,0.29125,15.3385918754468,0.952380952380952,5.71428571428571,0,1.9047619047619,19.047619047619,18.0952380952381,10.4761904761905,11.4285714285714,32.3809523809524,0,0,49.5238095238095,43.8095238095238,100,0.322752932879279,0.000182939068100358,44.23,10.9761904761905,12.6818181818182,0.915027272727273,13.8594974814462,1.18775454545455,51.0909090909091,"45.454545454545503","8.4",-0.858745412055155,NA,NA,NA,NA,NA,NA,NA,NA,NA,NA,NA,NA,NA,NA,NA,NA,NA,NA,NA,NA,3,"2008 | 2014 | 2018"
616,"2-JKS057.08",2014-08-19,"Site Accepted",10,800,8,0.4544,14.5757070924109,5.71428571428571,0.952380952380952,0,20.952380952381,26.6666666666667,18.0952380952381,7.61904761904762,15.2380952380952,4.76190476190476,0,0,73.3333333333333,20,100,1.59831411692382,0.0010162454379562,52.22,19.8666666666667,24.9090909090909,1.3222,18.8391248745204,1.54947272727273,30.5454545454545,"74.545454545454504","11.707317073170699",0.0353653201151289,NA,NA,NA,NA,NA,NA,NA,NA,NA,NA,NA,NA,NA,NA,NA,NA,NA,NA,NA,NA,2,"2008 | 2014"
617,"3-TRY004.38",2014-09-02,"Site Accepted",15,150,1,0.633,7.95908249483248,0,0.952380952380952,0,0,0,0,2.85714285714286,27.6190476190476,68.5714285714286,0,0,2.85714285714286,96.1904761904762,100,-1.51741073297008,0.00738345323741007,11.1666666666667,1.2047619047619,2.52727272727273,0.220757575757576,11.4481811942347,0.357121212121212,97.2727272727273,"1.8181818181818199","50",-2.25625155357861,NA,NA,NA,NA,NA,NA,NA,NA,NA,NA,NA,NA,NA,NA,NA,NA,NA,NA,NA,NA,2,"2009 | 2014"
618,"2BXAE001.80",2014-08-12,"Site Accepted",15,150,1,1.72,8.29947883009672,5.71428571428571,14.2857142857143,0,0,1.9047619047619,27.6190476190476,15.2380952380952,20.952380952381,13.3333333333333,0.952380952380952,0,44.7619047619048,34.2857142857143,100,0.952084580885201,0.00762087719298245,13.7333333333333,1.47142857142857,3.45454545454545,0.746424242424242,4.62812601493992,1.0009696969697,44.7272727272727,"36.363636363636402","5",-0.930835222947625,NA,NA,NA,NA,NA,NA,NA,NA,NA,NA,NA,NA,NA,NA,NA,NA,NA,NA,NA,NA,3,"2009 | 2014 | 2018"
619,"9-BSH012.62",2014-08-18,"Site Accepted",15,150,1,0.32,13.3333333333333,0,8.57142857142857,0,0,0.952380952380952,0,0.952380952380952,22.8571428571429,66.6666666666667,0,0,1.9047619047619,89.5238095238095,100,-1.1636830609626,0.000253174603174603,28.8933333333333,1.89047619047619,3.05454545454545,1.02529696969697,2.97918119805644,1.2525696969697,96.3636363636364,"NA","NA",-2.4546241502142,NA,NA,NA,NA,NA,NA,NA,NA,NA,NA,NA,NA,NA,NA,NA,NA,NA,NA,NA,NA,3,"2009 | 2014 | 2019"
622,"3-SUM004.51",2014-08-11,"Site Accepted",10,320,3.2,0.178,25.0784611886878,0,3.80952380952381,0,12.3809523809524,0,0.952380952380952,2.85714285714286,67.6190476190476,12.3809523809524,0,0,16.1904761904762,80,100,-0.0224562641464386,0.00144450136612022,31.6,4.69047619047619,8.31818181818182,1.46145454545455,5.69171435680517,1.59781818181818,83.9090909090909,"14.545454545454501","26.875",-1.19055500637428,NA,NA,NA,NA,NA,NA,NA,NA,NA,NA,NA,NA,NA,NA,NA,NA,NA,NA,NA,NA,5,"2009 | 2014 | 2014 | 2018 | 2018"
623,"3-SUM004.51",2014-09-03,"Site Accepted",10,240,2.4,0.1104,17.2795072,0,8.57142857142857,0,8.57142857142857,2.85714285714286,8.57142857142857,2.85714285714286,47.6190476190476,20.952380952381,0,0,22.8571428571429,68.5714285714286,100,0.127834519563744,0.00477504006410256,28.71,4.425,7.56363636363636,1.0871,6.95762704777515,1.47800909090909,81.9090909090909,"16.363636363636399","33.8888888888889",-0.707356044151923,NA,NA,NA,NA,NA,NA,NA,NA,NA,NA,NA,NA,NA,NA,NA,NA,NA,NA,NA,NA,5,"2009 | 2014 | 2014 | 2018 | 2018"
630,"4ARAB000.57",2015-11-16,"Site Accepted",10,240,2.4,0.283,25.0057259541879,0,5.76923076923077,0,0,7.69230769230769,21.1538461538462,16.3461538461538,22.1153846153846,24.0384615384615,2.88461538461538,0,45.1923076923077,46.1538461538462,100,0.21659880360083,0.00252011494252874,47.29,5.13333333333333,5.8,0.9729,5.96155822797821,1.6729,73.5185185185185,"42.592592592592602","53.043478260869598",-0.92688317639628,NA,NA,NA,NA,NA,NA,NA,NA,NA,NA,NA,NA,NA,NA,NA,NA,NA,NA,NA,NA,1,"2015"
631,"2-BRI007.10",2016-03-17,"Site Accepted",10,320,3.2,0.1125,23.6113816875763,0,3.80952380952381,0,0,0,1.9047619047619,11.4285714285714,55.2380952380952,25.7142857142857,1.9047619047619,0,13.3333333333333,80.9523809523809,100,-0.549972836905249,0.0155106126237624,60.2,7.80952380952381,9.18181818181818,1.302,7.05208769724899,3.402,90.1818181818182,"18.181818181818201","74",-1.45169961215938,NA,NA,NA,NA,NA,NA,NA,NA,NA,NA,NA,NA,NA,NA,NA,NA,NA,NA,NA,NA,1,"2016"
652,"6CPSM015.72",2015-09-29,"Site Accepted",10,150,1.5,0.28,8.32087923039632,5.71428571428571,0,0,0,0,11.4285714285714,20.952380952381,27.6190476190476,34.2857142857143,0,0,32.3809523809524,61.9047619047619,100,-0.30677380941987,0.000185735080058224,20.58,3.72380952380952,6.24545454545455,0.914890909090909,6.82644726644011,1.39670909090909,79.2727272727273,"38.181818181818201","60",-1.50938575481785,NA,NA,NA,NA,NA,NA,NA,NA,NA,NA,NA,NA,NA,NA,NA,NA,NA,NA,NA,NA,1,"2015"
666,"3-GAR004.83",2015-10-14,"Site Accepted",15,150,1,1.72,9.45297691629654,0,2.85714285714286,0,3.80952380952381,34.2857142857143,15.2380952380952,12.3809523809524,20,7.61904761904762,3.80952380952381,0,65.7142857142857,27.6190476190476,100,1.05189868566851,0.0131671150971599,21.1333333333333,3.11904761904762,4.05454545454545,0.493151515151515,8.22170333046577,0.674969696969697,36,"67.272727272727295","17.8378378378378",-0.590198805660624,NA,NA,NA,NA,NA,NA,NA,NA,NA,NA,NA,NA,NA,NA,NA,NA,NA,NA,NA,NA,1,"2015"
691,"2-HOU005.87",2015-08-06,"Site Accepted",10,200,2,6.79,8.24174166079685,4.76190476190476,0,0,33.3333333333333,22.8571428571429,26.6666666666667,4.76190476190476,5.71428571428571,1.9047619047619,0,0,87.6190476190476,7.61904761904762,100,2.02985794347576,0.0276235257214555,24.64,5.02857142857143,7.24545454545455,0.823672727272727,8.79652112489515,1.82821818181818,21.0909090909091,"81.818181818181799","12.4444444444444",-0.474031746739899,NA,NA,NA,NA,NA,NA,NA,NA,NA,NA,NA,NA,NA,NA,NA,NA,NA,NA,NA,NA,1,"2015"
716,"1BNKD003.81",2016-10-25,"Site Accepted",10,240,2.4,0.7458,15.6239822057869,0,0,0,4.76190476190476,59.0476190476191,26.6666666666667,3.80952380952381,0.952380952380952,0,4.76190476190476,0,94.2857142857143,0.952380952380952,100,1.90021809434955,0.000272605721393035,33.3,7.02380952380952,12.1818181818182,1.48754545454545,8.18920735806392,1.70572727272727,18.1818181818182,"92.727272727272705","17.254901960784299",0.0678052680593448,NA,NA,NA,NA,NA,NA,NA,NA,NA,NA,NA,NA,NA,NA,NA,NA,NA,NA,NA,NA,1,"2016"
736,"9-BST069.78",2016-09-29,"Site Accepted",10,280,2.8,0.6286,16.0337631280532,0,2.85714285714286,2.85714285714286,2.85714285714286,11.4285714285714,26.6666666666667,16.1904761904762,13.3333333333333,21.9047619047619,1.9047619047619,0,57.1428571428571,35.2380952380952,100,0.454234271738372,0.00478504482477588,35.94,8.33809523809524,11.1545454545455,1.08667272727273,10.2648618803018,1.59576363636364,63.4545454545455,"58.181818181818201","46.25",-1.14208870400577,NA,NA,NA,NA,NA,NA,NA,NA,NA,NA,NA,NA,NA,NA,NA,NA,NA,NA,NA,NA,1,"2016"
778,"4AWLF000.34",2017-09-13,"Site Accepted",10,200,2,0.75,11.3752,1.9047619047619,0.952380952380952,0,5.71428571428571,13.3333333333333,17.1428571428571,0.952380952380952,45.7142857142857,14.2857142857143,0,0,37.1428571428571,60,100,0.312079273600094,0.00142167689161554,24.14,5.47619047619048,8.89090909090909,1.02321818181818,8.68916253531638,1.42321818181818,69.8181818181818,"41.818181818181799","32.173913043478301",-1.35609921133076,NA,NA,NA,NA,NA,NA,NA,NA,NA,NA,NA,NA,NA,NA,NA,NA,NA,NA,NA,NA,1,"2017"
816,"4-ASRE015.43",2008-08-17,"Site Accepted",10,800,8,0.20625,13.2503556434329,15.2380952380952,0,0.952380952380952,4.76190476190476,4.76190476190476,6.66666666666667,2.85714285714286,63.8095238095238,0.952380952380952,0,0,19.0476190476191,64.7619047619048,100,0.628720403526015,0.000614533932951758,64.89,52.1190476190476,55.5909090909091,1.6489,33.713936012438,3.27617272727273,75.2727272727273,"18.181818181818201","31",-0.701824735800777,NA,NA,NA,NA,NA,NA,NA,NA,NA,NA,NA,NA,NA,NA,NA,NA,NA,NA,NA,NA,1,"2008"
818,"4-ASRE033.19",2008-08-17,"Site Accepted",10,800,8,0.09625,63.3315033581,0,0.952380952380952,0,6.66666666666667,4.76190476190476,6.66666666666667,6.66666666666667,60,12.3809523809524,1.9047619047619,0,24.7619047619048,72.3809523809524,100,-0.0522413388723044,0.00152544319600499,111.22,32.8571428571429,36.4090909090909,2.09856363636364,17.3495291151524,3.78492727272727,82,"25.454545454545499","40",-1.0363387498482,NA,NA,NA,NA,NA,NA,NA,NA,NA,NA,NA,NA,NA,NA,NA,NA,NA,NA,NA,NA,1,"2008"
834,"3-SUM004.51",2018-09-20,"Site Accepted",10,240,2.4,0.2208,20.4040009058197,0,18.0952380952381,0,22.8571428571429,5.71428571428571,5.71428571428571,13.3333333333333,29.5238095238095,3.80952380952381,0,0,47.6190476190476,33.3333333333333,99.0476190476191,1.45487472642544,0.00208109654598419,48.65,5.83333333333333,7.28181818181818,1.25013636363636,5.82481911064248,1.8665,49.6363636363636,"45.454545454545503","41.2",0.257344808569361,NA,NA,NA,NA,NA,NA,NA,NA,NA,NA,NA,NA,NA,NA,NA,NA,NA,NA,NA,NA,5,"2009 | 2014 | 2014 | 2018 | 2018"
836,"2BXAE001.80",2018-08-01,"Site Accepted",15,150,1,2.2033333,4.74572288118012,7.61904761904762,3.80952380952381,0,0,2.85714285714286,38.0952380952381,35.2380952380952,8.57142857142857,3.80952380952381,0,0,76.1904761904762,12.3809523809524,100,1.20762830174857,0.00453570581257414,9.76666666666667,1.56,2.55454545454545,0.606757575757576,4.21015831793438,1.02493939393939,37.3636363636364,"72.727272727272705","31.375",-0.711685893178358,NA,NA,NA,NA,NA,NA,NA,NA,NA,NA,NA,NA,NA,NA,NA,NA,NA,NA,NA,NA,3,"2009 | 2014 | 2018"
837,"3-SUM004.51",2018-08-21,"Site Accepted",10,240,2.4,0.1666666,27.2786556768354,0,17.1428571428571,0,17.1428571428571,2.85714285714286,6.66666666666667,9.52380952380952,40,6.66666666666667,0,0,36.1904761904762,46.6666666666667,100,1.06476823868614,0.000994556840077071,46.35,5.72857142857143,7.86363636363636,1.2635,6.22369320430262,1.95440909090909,63.4545454545455,"36.363636363636402","49.5",0.0121538703180095,NA,NA,NA,NA,NA,NA,NA,NA,NA,NA,NA,NA,NA,NA,NA,NA,NA,NA,NA,NA,5,"2009 | 2014 | 2014 | 2018 | 2018"
839,"9-WLK054.42",2018-08-06,"Site Accepted",10,440,4.4,0.33409,19.451163236879,2.85714285714286,5.71428571428571,0,5.71428571428571,22.8571428571429,18.0952380952381,8.57142857142857,11.4285714285714,22.8571428571429,1.9047619047619,0,55.2380952380952,34.2857142857143,100,0.790354773453572,0.00123925264550265,60.65,10.9333333333333,13.7454545454545,1.05195454545455,13.0665860087283,1.59740909090909,52,"54.545454545454497","28.6666666666667",-0.501147309951981,NA,NA,NA,NA,NA,NA,NA,NA,NA,NA,NA,NA,NA,NA,NA,NA,NA,NA,NA,NA,3,"2008 | 2014 | 2018"
862,"2BSPC002.12",2017-09-18,"Site Accepted",10,150,1.5,5.53,5.11467765856224,5.71428571428571,0,0,42.8571428571429,23.8095238095238,3.80952380952381,13.3333333333333,2.85714285714286,1.9047619047619,0.952380952380952,4.76190476190476,83.8095238095238,4.76190476190476,100,2.23253053130437,0.00303893333333333,18.55,3.38571428571429,5.68181818181818,0.6855,8.28857502818115,1.42186363636364,33.2727272727273,"78.181818181818201","37.906976744185997",-0.144035196928289,NA,NA,NA,NA,NA,NA,NA,NA,NA,NA,NA,NA,NA,NA,NA,NA,NA,NA,NA,NA,1,"2017"
863,"2BSPC001.07",2017-09-18,"Site Accepted",10,150,1.5,1.9,4.42624950533909,0,0,0,0,45.7142857142857,23.8095238095238,14.2857142857143,9.52380952380952,2.85714285714286,3.80952380952381,0,83.8095238095238,12.3809523809524,100,1.37504343549458,0.00243454790823212,14.73,2.95238095238095,4.94,0.4973,9.93364166499095,1.1473,34.2727272727273,"87.272727272727295","27.6041666666667",-0.390841977315736,NA,NA,NA,NA,NA,NA,NA,NA,NA,NA,NA,NA,NA,NA,NA,NA,NA,NA,NA,NA,1,"2017"
870,"2-BBUF006.39",2018-10-25,"Site Accepted",10,800,8,0.10375,14.2619202916264,6.66666666666667,2.85714285714286,0,6.66666666666667,2.85714285714286,19.047619047619,5.71428571428571,55.2380952380952,0.952380952380952,0,0,34.2857142857143,56.1904761904762,100,0.672721058357278,0.00422204079358003,70.22,19.9904761904762,20.3909090909091,1.39765454545455,14.5893770082346,3.64765454545455,71.1818181818182,"25.454545454545499","36.785714285714299",-0.274681696526879,NA,NA,NA,NA,NA,NA,NA,NA,NA,NA,NA,NA,NA,NA,NA,NA,NA,NA,NA,NA,1,"2018"
891,"1AGO039.69",2019-08-05,"Site Accepted",10,400,4,0.105,12.75325,0,5.71428571428571,0.952380952380952,1.9047619047619,6.66666666666667,11.4285714285714,5.71428571428571,44.7619047619048,22.8571428571429,0,0,25.7142857142857,67.6190476190476,100,-0.0624452515790678,0.00257946263125386,36.79,12.3272727272727,14.7181818181818,1.04062727272727,14.1435672540164,2.6679,86,"25.454545454545499","62.857142857142897",-0.877380285556428,NA,NA,NA,NA,NA,NA,NA,NA,NA,NA,NA,NA,NA,NA,NA,NA,NA,NA,NA,NA,2,"2019 | 2019"
892,"1AGO039.69",2019-08-19,"Site Accepted",10,400,4,0.1025,15.43935,0,2.85714285714286,0.952380952380952,0,6.66666666666667,15.2380952380952,14.2857142857143,47.6190476190476,11.4285714285714,0.952380952380952,0,36.1904761904762,59.047619047619,100,0.126132116997921,0.00217599750623441,33.98,11.6909090909091,14.5818181818182,1.03070909090909,14.1473654500873,2.59434545454545,82.9090909090909,"32.727272727272698","57.7777777777778",-0.660780673590354,NA,NA,NA,NA,NA,NA,NA,NA,NA,NA,NA,NA,NA,NA,NA,NA,NA,NA,NA,NA,2,"2019 | 2019"
897,"9-BSH012.62",2019-06-04,"Site Accepted",15,150,1,0.28,14.3925333333333,0,4.76190476190476,0,0,0,4.76190476190476,20.952380952381,45.7142857142857,21.9047619047619,0,1.9047619047619,25.7142857142857,67.6190476190476,100,-0.26995763219929,0.000374193548387097,27.4,2.47142857142857,3.1,0.792181818181818,3.91324305714942,1.16490909090909,84.7272727272727,"29.090909090909101","51.875",-1.36405143911833,NA,NA,NA,NA,NA,NA,NA,NA,NA,NA,NA,NA,NA,NA,NA,NA,NA,NA,NA,NA,3,"2009 | 2014 | 2019"
898,"9-WLK000.55",2019-06-06,"Site Accepted",10,1400,14,0.2714,17.3181022757551,34.2857142857143,0,0,22.8571428571429,11.4285714285714,9.52380952380952,6.66666666666667,14.2857142857143,0,0.952380952380952,0,50.4761904761905,14.2857142857143,100,2.36279618806125,0.000789020286824998,74.98,32.6333333333333,39.7545454545455,1.53161818181818,25.9559111575399,2.12252727272727,22.8181818181818,"50.909090909090899","24.1071428571429",0.960961015666384,NA,NA,NA,NA,NA,NA,NA,NA,NA,NA,NA,NA,NA,NA,NA,NA,NA,NA,NA,NA,2,"2008 | 2019"
902,"9-LKK005.44",2019-11-07,"Site Accepted",10,600,6,0.2883333,11.5567002730649,5.71428571428571,0.952380952380952,0,4.76190476190476,22.8571428571429,43.8095238095238,0,4.76190476190476,17.1428571428571,0,0,71.4285714285714,21.9047619047619,100,1.14910169606932,0.0108103723887375,42.21,14.8333333333333,16.6818181818182,1.07664545454545,15.4942540382163,1.60391818181818,72.9090909090909,"63.636363636363598","66",-0.11936091155781,NA,NA,NA,NA,NA,NA,NA,NA,NA,NA,NA,NA,NA,NA,NA,NA,NA,NA,NA,NA,1,"2019"
910,"2-HOC003.15",2018-10-24,"Site Accepted",10,240,2.4,1.046,12.3237056815527,13.3333333333333,0,0,10.4761904761905,21.9047619047619,21.9047619047619,15.2380952380952,15.2380952380952,1.9047619047619,0,0,69.5238095238095,17.1428571428571,100,1.60909219233775,0.000269047619047619,36.63,9.65714285714286,10.5,0.9663,10.8661906240298,1.41175454545455,47.6363636363636,"74.545454545454504","44.390243902439003",-0.171712781735969,NA,NA,NA,NA,NA,NA,NA,NA,NA,NA,NA,NA,NA,NA,NA,NA,NA,NA,NA,NA,1,"2018"
925,"4ASRE069.63",2019-10-24,"Site Accepted",10,800,8,0.195,41.2345,7.61904761904762,1.9047619047619,0,11.4285714285714,29.5238095238095,6.66666666666667,9.52380952380952,28.5714285714286,3.80952380952381,0.952380952380952,0,57.1428571428571,32.3809523809524,100,1.2932252937893,0.000896894792399719,96.34,20.5,25.8363636363636,2.24067272727273,11.5306279769874,3.89067272727273,52.037037037037,"52.727272727272698","27.931034482758601",-0.094127635043457,NA,NA,NA,NA,NA,NA,NA,NA,NA,NA,NA,NA,NA,NA,NA,NA,NA,NA,NA,NA,1,"2019"
930,"2-MRC000.63",2020-08-27,"Site Accepted",10,160,1.6,2.06,10.991172725723,40,0,0,6.66666666666667,9.52380952380952,3.80952380952381,8.57142857142857,21.9047619047619,9.52380952380952,0,0,28.5714285714286,31.4285714285714,100,1.72117966528746,0.00107983005366726,28.18,3.68571428571429,5.08181818181818,0.7818,6.50015116630619,1.59089090909091,36.5454545454545,"27.272727272727298","27.3333333333333",-0.254276980153032,NA,NA,NA,NA,NA,NA,NA,NA,NA,NA,NA,NA,NA,NA,NA,NA,NA,NA,NA,NA,1,"2020"
938,"2-PCT002.45",2020-01-29,"Site Accepted",10,200,2,0.58,9.25180382661193,1.9047619047619,0.952380952380952,0,3.80952380952381,39.0476190476191,20,10.4761904761905,8.57142857142857,15.2380952380952,0,0,73.3333333333333,23.8095238095238,100,1.06104937759702,0.007446,28.37,4.91428571428571,5,0.601881818181818,8.30727868654372,1.36551818181818,53.1818181818182,"76.363636363636402","41.071428571428598",-0.232210698403447,NA,NA,NA,NA,NA,NA,NA,NA,NA,NA,NA,NA,NA,NA,NA,NA,NA,NA,NA,NA,1,"2020"
